graphid,id
1407374883553281,0
1407374883553282,1
1407374883553283,2
1407374883553284,3
1407374883553285,4
1407374883553286,5
1407374883553287,6
1407374883553288,7
1407374883553289,8
1407374883553290,9
1407374883553291,10
1407374883553292,11
1407374883553293,12
1407374883553294,13
1407374883553295,14
1407374883553296,15
1407374883553297,16
1407374883553298,17
1407374883553299,18
1407374883553300,19
1407374883553301,20
1407374883553302,21
1407374883553303,22
1407374883553304,23
1407374883553305,24
1407374883553306,25
1407374883553307,26
1407374883553308,27
1407374883553309,28
1407374883553310,29
1407374883553311,30
1407374883553312,31
1407374883553313,32
1407374883553314,33
1407374883553315,34
1407374883553316,35
1407374883553317,36
1407374883553318,37
1407374883553319,38
1407374883553320,39
1407374883553321,40
1407374883553322,41
1407374883553323,42
1407374883553324,43
1407374883553325,44
1407374883553326,45
1407374883553327,46
1407374883553328,47
1407374883553329,48
1407374883553330,49
1407374883553331,50
1407374883553332,51
1407374883553333,52
1407374883553334,53
1407374883553335,54
1407374883553336,55
1407374883553337,56
1407374883553338,57
1407374883553339,58
1407374883553340,59
1407374883553341,60
1407374883553342,61
1407374883553343,62
1407374883553344,63
1407374883553345,64
1407374883553346,65
1407374883553347,66
1407374883553348,67
1407374883553349,68
1407374883553350,69
1407374883553351,70
1407374883553352,71
1407374883553353,72
1407374883553354,73
1407374883553355,74
1407374883553356,75
1407374883553357,76
1407374883553358,77
1407374883553359,78
1407374883553360,79
1407374883553361,80
1407374883553362,81
1407374883553363,82
1407374883553364,83
1407374883553365,84
1407374883553366,85
1407374883553367,86
1407374883553368,87
1407374883553369,88
1407374883553370,89
1407374883553371,90
1407374883553372,91
1407374883553373,92
1407374883553374,93
1407374883553375,94
1407374883553376,95
1407374883553377,96
1407374883553378,97
1407374883553379,98
1407374883553380,99
1407374883553381,100
1407374883553382,101
1407374883553383,102
1407374883553384,103
1407374883553385,104
1407374883553386,105
1407374883553387,106
1407374883553388,107
1407374883553389,108
1407374883553390,109
1407374883553391,110
1407374883553392,111
1407374883553393,112
1407374883553394,113
1407374883553395,114
1407374883553396,115
1407374883553397,116
1407374883553398,117
1407374883553399,118
1407374883553400,119
1407374883553401,120
1407374883553402,121
1407374883553403,122
1407374883553404,123
1407374883553405,124
1407374883553406,125
1407374883553407,126
1407374883553408,127
1407374883553409,128
1407374883553410,129
1407374883553411,130
1407374883553412,131
1407374883553413,132
1407374883553414,133
1407374883553415,134
1407374883553416,135
1407374883553417,136
1407374883553418,137
1407374883553419,138
1407374883553420,139
1407374883553421,140
1407374883553422,141
1407374883553423,142
1407374883553424,143
1407374883553425,144
1407374883553426,145
1407374883553427,146
1407374883553428,147
1407374883553429,148
1407374883553430,149
1407374883553431,150
1407374883553432,151
1407374883553433,152
1407374883553434,153
1407374883553435,154
1407374883553436,155
1407374883553437,156
1407374883553438,157
1407374883553439,158
1407374883553440,159
1407374883553441,160
1407374883553442,161
1407374883553443,162
1407374883553444,163
1407374883553445,164
1407374883553446,165
1407374883553447,166
1407374883553448,167
1407374883553449,168
1407374883553450,169
1407374883553451,170
1407374883553452,171
1407374883553453,172
1407374883553454,173
1407374883553455,174
1407374883553456,175
1407374883553457,176
1407374883553458,177
1407374883553459,178
1407374883553460,179
1407374883553461,180
1407374883553462,181
1407374883553463,182
1407374883553464,183
1407374883553465,184
1407374883553466,185
1407374883553467,186
1407374883553468,187
1407374883553469,188
1407374883553470,189
1407374883553471,190
1407374883553472,191
1407374883553473,192
1407374883553474,193
1407374883553475,194
1407374883553476,195
1407374883553477,196
1407374883553478,197
1407374883553479,198
1407374883553480,199
1407374883553481,200
1407374883553482,201
1407374883553483,202
1407374883553484,203
1407374883553485,204
1407374883553486,205
1407374883553487,206
1407374883553488,207
1407374883553489,208
1407374883553490,209
1407374883553491,210
1407374883553492,211
1407374883553493,212
1407374883553494,213
1407374883553495,214
1407374883553496,215
1407374883553497,216
1407374883553498,217
1407374883553499,218
1407374883553500,219
1407374883553501,220
1407374883553502,221
1407374883553503,222
1407374883553504,223
1407374883553505,224
1407374883553506,225
1407374883553507,226
1407374883553508,227
1407374883553509,228
1407374883553510,229
1407374883553511,230
1407374883553512,231
1407374883553513,232
1407374883553514,233
1407374883553515,234
1407374883553516,235
1407374883553517,236
1407374883553518,237
1407374883553519,238
1407374883553520,239
1407374883553521,240
1407374883553522,241
1407374883553523,242
1407374883553524,243
1407374883553525,244
1407374883553526,245
1407374883553527,246
1407374883553528,247
1407374883553529,248
1407374883553530,249
1407374883553531,250
1407374883553532,251
1407374883553533,252
1407374883553534,253
1407374883553535,254
1407374883553536,255
1407374883553537,256
1407374883553538,257
1407374883553539,258
1407374883553540,259
1407374883553541,260
1407374883553542,261
1407374883553543,262
1407374883553544,263
1407374883553545,264
1407374883553546,265
1407374883553547,266
1407374883553548,267
1407374883553549,268
1407374883553550,269
1407374883553551,270
1407374883553552,271
1407374883553553,272
1407374883553554,273
1407374883553555,274
1407374883553556,275
1407374883553557,276
1407374883553558,277
1407374883553559,278
1407374883553560,279
1407374883553561,280
1407374883553562,281
1407374883553563,282
1407374883553564,283
1407374883553565,284
1407374883553566,285
1407374883553567,286
1407374883553568,287
1407374883553569,288
1407374883553570,289
1407374883553571,290
1407374883553572,291
1407374883553573,292
1407374883553574,293
1407374883553575,294
1407374883553576,295
1407374883553577,296
1407374883553578,297
1407374883553579,298
1407374883553580,299
1407374883553581,300
1407374883553582,301
1407374883553583,302
1407374883553584,303
1407374883553585,304
1407374883553586,305
1407374883553587,306
1407374883553588,307
1407374883553589,308
1407374883553590,309
1407374883553591,310
1407374883553592,311
1407374883553593,312
1407374883553594,313
1407374883553595,314
1407374883553596,315
1407374883553597,316
1407374883553598,317
1407374883553599,318
1407374883553600,319
1407374883553601,320
1407374883553602,321
1407374883553603,322
1407374883553604,323
1407374883553605,324
1407374883553606,325
1407374883553607,326
1407374883553608,327
1407374883553609,328
1407374883553610,329
1407374883553611,330
1407374883553612,331
1407374883553613,332
1407374883553614,333
1407374883553615,334
1407374883553616,335
1407374883553617,336
1407374883553618,337
1407374883553619,338
1407374883553620,339
1407374883553621,340
1407374883553622,341
1407374883553623,342
1407374883553624,343
1407374883553625,344
1407374883553626,345
1407374883553627,346
1407374883553628,347
1407374883553629,348
1407374883553630,349
1407374883553631,350
1407374883553632,351
1407374883553633,352
1407374883553634,353
1407374883553635,354
1407374883553636,355
1407374883553637,356
1407374883553638,357
1407374883553639,358
1407374883553640,359
1407374883553641,360
1407374883553642,361
1407374883553643,362
1407374883553644,363
1407374883553645,364
1407374883553646,365
1407374883553647,366
1407374883553648,367
1407374883553649,368
1407374883553650,369
1407374883553651,370
1407374883553652,371
1407374883553653,372
1407374883553654,373
1407374883553655,374
1407374883553656,375
1407374883553657,376
1407374883553658,377
1407374883553659,378
1407374883553660,379
1407374883553661,380
1407374883553662,381
1407374883553663,382
1407374883553664,383
1407374883553665,384
1407374883553666,385
1407374883553667,386
1407374883553668,387
1407374883553669,388
1407374883553670,389
1407374883553671,390
1407374883553672,391
1407374883553673,392
1407374883553674,393
1407374883553675,394
1407374883553676,395
1407374883553677,396
1407374883553678,397
1407374883553679,398
1407374883553680,399
1407374883553681,400
1407374883553682,401
1407374883553683,402
1407374883553684,403
1407374883553685,404
1407374883553686,405
1407374883553687,406
1407374883553688,407
1407374883553689,408
1407374883553690,409
1407374883553691,410
1407374883553692,411
1407374883553693,412
1407374883553694,413
1407374883553695,414
1407374883553696,415
1407374883553697,416
1407374883553698,417
1407374883553699,418
1407374883553700,419
1407374883553701,420
1407374883553702,421
1407374883553703,422
1407374883553704,423
1407374883553705,424
1407374883553706,425
1407374883553707,426
1407374883553708,427
1407374883553709,428
1407374883553710,429
1407374883553711,430
1407374883553712,431
1407374883553713,432
1407374883553714,433
1407374883553715,434
1407374883553716,435
1407374883553717,436
1407374883553718,437
1407374883553719,438
1407374883553720,439
1407374883553721,440
1407374883553722,441
1407374883553723,442
1407374883553724,443
1407374883553725,444
1407374883553726,445
1407374883553727,446
1407374883553728,447
1407374883553729,448
1407374883553730,449
1407374883553731,450
1407374883553732,451
1407374883553733,452
1407374883553734,453
1407374883553735,454
1407374883553736,455
1407374883553737,456
1407374883553738,457
1407374883553739,458
1407374883553740,459
1407374883553741,460
1407374883553742,461
1407374883553743,462
1407374883553744,463
1407374883553745,464
1407374883553746,465
1407374883553747,466
1407374883553748,467
1407374883553749,468
1407374883553750,469
1407374883553751,470
1407374883553752,471
1407374883553753,472
1407374883553754,473
1407374883553755,474
1407374883553756,475
1407374883553757,476
1407374883553758,477
1407374883553759,478
1407374883553760,479
1407374883553761,480
1407374883553762,481
1407374883553763,482
1407374883553764,483
1407374883553765,484
1407374883553766,485
1407374883553767,486
1407374883553768,487
1407374883553769,488
1407374883553770,489
1407374883553771,490
1407374883553772,491
1407374883553773,492
1407374883553774,493
1407374883553775,494
1407374883553776,495
1407374883553777,496
1407374883553778,497
1407374883553779,498
1407374883553780,499
1407374883553781,500
1407374883553782,501
1407374883553783,502
1407374883553784,503
1407374883553785,504
1407374883553786,505
1407374883553787,506
1407374883553788,507
1407374883553789,508
1407374883553790,509
1407374883553791,510
1407374883553792,511
1407374883553793,512
1407374883553794,513
1407374883553795,514
1407374883553796,515
1407374883553797,516
1407374883553798,517
1407374883553799,518
1407374883553800,519
1407374883553801,520
1407374883553802,521
1407374883553803,522
1407374883553804,523
1407374883553805,524
1407374883553806,525
1407374883553807,526
1407374883553808,527
1407374883553809,528
1407374883553810,529
1407374883553811,530
1407374883553812,531
1407374883553813,532
1407374883553814,533
1407374883553815,534
1407374883553816,535
1407374883553817,536
1407374883553818,537
1407374883553819,538
1407374883553820,539
1407374883553821,540
1407374883553822,541
1407374883553823,542
1407374883553824,543
1407374883553825,544
1407374883553826,545
1407374883553827,546
1407374883553828,547
1407374883553829,548
1407374883553830,549
1407374883553831,550
1407374883553832,551
1407374883553833,552
1407374883553834,553
1407374883553835,554
1407374883553836,555
1407374883553837,556
1407374883553838,557
1407374883553839,558
1407374883553840,559
1407374883553841,560
1407374883553842,561
1407374883553843,562
1407374883553844,563
1407374883553845,564
1407374883553846,565
1407374883553847,566
1407374883553848,567
1407374883553849,568
1407374883553850,569
1407374883553851,570
1407374883553852,571
1407374883553853,572
1407374883553854,573
1407374883553855,574
1407374883553856,575
1407374883553857,576
1407374883553858,577
1407374883553859,578
1407374883553860,579
1407374883553861,580
1407374883553862,581
1407374883553863,582
1407374883553864,583
1407374883553865,584
1407374883553866,585
1407374883553867,586
1407374883553868,587
1407374883553869,588
1407374883553870,589
1407374883553871,590
1407374883553872,591
1407374883553873,592
1407374883553874,593
1407374883553875,594
1407374883553876,595
1407374883553877,596
1407374883553878,597
1407374883553879,598
1407374883553880,599
1407374883553881,600
1407374883553882,601
1407374883553883,602
1407374883553884,603
1407374883553885,604
1407374883553886,605
1407374883553887,606
1407374883553888,607
1407374883553889,608
1407374883553890,609
1407374883553891,610
1407374883553892,611
1407374883553893,612
1407374883553894,613
1407374883553895,614
1407374883553896,615
1407374883553897,616
1407374883553898,617
1407374883553899,618
1407374883553900,619
1407374883553901,620
1407374883553902,621
1407374883553903,622
1407374883553904,623
1407374883553905,624
1407374883553906,625
1407374883553907,626
1407374883553908,627
1407374883553909,628
1407374883553910,629
1407374883553911,630
1407374883553912,631
1407374883553913,632
1407374883553914,633
1407374883553915,634
1407374883553916,635
1407374883553917,636
1407374883553918,637
1407374883553919,638
1407374883553920,639
1407374883553921,640
1407374883553922,641
1407374883553923,642
1407374883553924,643
1407374883553925,644
1407374883553926,645
1407374883553927,646
1407374883553928,647
1407374883553929,648
1407374883553930,649
1407374883553931,650
1407374883553932,651
1407374883553933,652
1407374883553934,653
1407374883553935,654
1407374883553936,655
1407374883553937,656
1407374883553938,657
1407374883553939,658
1407374883553940,659
1407374883553941,660
1407374883553942,661
1407374883553943,662
1407374883553944,663
1407374883553945,664
1407374883553946,665
1407374883553947,666
1407374883553948,667
1407374883553949,668
1407374883553950,669
1407374883553951,670
1407374883553952,671
1407374883553953,672
1407374883553954,673
1407374883553955,674
1407374883553956,675
1407374883553957,676
1407374883553958,677
1407374883553959,678
1407374883553960,679
1407374883553961,680
1407374883553962,681
1407374883553963,682
1407374883553964,683
1407374883553965,684
1407374883553966,685
1407374883553967,686
1407374883553968,687
1407374883553969,688
1407374883553970,689
1407374883553971,690
1407374883553972,691
1407374883553973,692
1407374883553974,693
1407374883553975,694
1407374883553976,695
1407374883553977,696
1407374883553978,697
1407374883553979,698
1407374883553980,699
1407374883553981,700
1407374883553982,701
1407374883553983,702
1407374883553984,703
1407374883553985,704
1407374883553986,705
1407374883553987,706
1407374883553988,707
1407374883553989,708
1407374883553990,709
1407374883553991,710
1407374883553992,711
1407374883553993,712
1407374883553994,713
1407374883553995,714
1407374883553996,715
1407374883553997,716
1407374883553998,717
1407374883553999,718
1407374883554000,719
1407374883554001,720
1407374883554002,721
1407374883554003,722
1407374883554004,723
1407374883554005,724
1407374883554006,725
1407374883554007,726
1407374883554008,727
1407374883554009,728
1407374883554010,729
1407374883554011,730
1407374883554012,731
1407374883554013,732
1407374883554014,733
1407374883554015,734
1407374883554016,735
1407374883554017,736
1407374883554018,737
1407374883554019,738
1407374883554020,739
1407374883554021,740
1407374883554022,741
1407374883554023,742
1407374883554024,743
1407374883554025,744
1407374883554026,745
1407374883554027,746
1407374883554028,747
1407374883554029,748
1407374883554030,749
1407374883554031,750
1407374883554032,751
1407374883554033,752
1407374883554034,753
1407374883554035,754
1407374883554036,755
1407374883554037,756
1407374883554038,757
1407374883554039,758
1407374883554040,759
1407374883554041,760
1407374883554042,761
1407374883554043,762
1407374883554044,763
1407374883554045,764
1407374883554046,765
1407374883554047,766
1407374883554048,767
1407374883554049,768
1407374883554050,769
1407374883554051,770
1407374883554052,771
1407374883554053,772
1407374883554054,773
1407374883554055,774
1407374883554056,775
1407374883554057,776
1407374883554058,777
1407374883554059,778
1407374883554060,779
1407374883554061,780
1407374883554062,781
1407374883554063,782
1407374883554064,783
1407374883554065,784
1407374883554066,785
1407374883554067,786
1407374883554068,787
1407374883554069,788
1407374883554070,789
1407374883554071,790
1407374883554072,791
1407374883554073,792
1407374883554074,793
1407374883554075,794
1407374883554076,795
1407374883554077,796
1407374883554078,797
1407374883554079,798
1407374883554080,799
1407374883554081,800
1407374883554082,801
1407374883554083,802
1407374883554084,803
1407374883554085,804
1407374883554086,805
1407374883554087,806
1407374883554088,807
1407374883554089,808
1407374883554090,809
1407374883554091,810
1407374883554092,811
1407374883554093,812
1407374883554094,813
1407374883554095,814
1407374883554096,815
1407374883554097,816
1407374883554098,817
1407374883554099,818
1407374883554100,819
1407374883554101,820
1407374883554102,821
1407374883554103,822
1407374883554104,823
1407374883554105,824
1407374883554106,825
1407374883554107,826
1407374883554108,827
1407374883554109,828
1407374883554110,829
1407374883554111,830
1407374883554112,831
1407374883554113,832
1407374883554114,833
1407374883554115,834
1407374883554116,835
1407374883554117,836
1407374883554118,837
1407374883554119,838
1407374883554120,839
1407374883554121,840
1407374883554122,841
1407374883554123,842
1407374883554124,843
1407374883554125,844
1407374883554126,845
1407374883554127,846
1407374883554128,847
1407374883554129,848
1407374883554130,849
1407374883554131,850
1407374883554132,851
1407374883554133,852
1407374883554134,853
1407374883554135,854
1407374883554136,855
1407374883554137,856
1407374883554138,857
1407374883554139,858
1407374883554140,859
1407374883554141,860
1407374883554142,861
1407374883554143,862
1407374883554144,863
1407374883554145,864
1407374883554146,865
1407374883554147,866
1407374883554148,867
1407374883554149,868
1407374883554150,869
1407374883554151,870
1407374883554152,871
1407374883554153,872
1407374883554154,873
1407374883554155,874
1407374883554156,875
1407374883554157,876
1407374883554158,877
1407374883554159,878
1407374883554160,879
1407374883554161,880
1407374883554162,881
1407374883554163,882
1407374883554164,883
1407374883554165,884
1407374883554166,885
1407374883554167,886
1407374883554168,887
1407374883554169,888
1407374883554170,889
1407374883554171,890
1407374883554172,891
1407374883554173,892
1407374883554174,893
1407374883554175,894
1407374883554176,895
1407374883554177,896
1407374883554178,897
1407374883554179,898
1407374883554180,899
1407374883554181,900
1407374883554182,901
1407374883554183,902
1407374883554184,903
1407374883554185,904
1407374883554186,905
1407374883554187,906
1407374883554188,907
1407374883554189,908
1407374883554190,909
1407374883554191,910
1407374883554192,911
1407374883554193,912
1407374883554194,913
1407374883554195,914
1407374883554196,915
1407374883554197,916
1407374883554198,917
1407374883554199,918
1407374883554200,919
1407374883554201,920
1407374883554202,921
1407374883554203,922
1407374883554204,923
1407374883554205,924
1407374883554206,925
1407374883554207,926
1407374883554208,927
1407374883554209,928
1407374883554210,929
1407374883554211,930
1407374883554212,931
1407374883554213,932
1407374883554214,933
1407374883554215,934
1407374883554216,935
1407374883554217,936
1407374883554218,937
1407374883554219,938
1407374883554220,939
1407374883554221,940
1407374883554222,941
1407374883554223,942
1407374883554224,943
1407374883554225,944
1407374883554226,945
1407374883554227,946
1407374883554228,947
1407374883554229,948
1407374883554230,949
1407374883554231,950
1407374883554232,951
1407374883554233,952
1407374883554234,953
1407374883554235,954
1407374883554236,955
1407374883554237,956
1407374883554238,957
1407374883554239,958
1407374883554240,959
1407374883554241,960
1407374883554242,961
1407374883554243,962
1407374883554244,963
1407374883554245,964
1407374883554246,965
1407374883554247,966
1407374883554248,967
1407374883554249,968
1407374883554250,969
1407374883554251,970
1407374883554252,971
1407374883554253,972
1407374883554254,973
1407374883554255,974
1407374883554256,975
1407374883554257,976
1407374883554258,977
1407374883554259,978
1407374883554260,979
1407374883554261,980
1407374883554262,981
1407374883554263,982
1407374883554264,983
1407374883554265,984
1407374883554266,985
1407374883554267,986
1407374883554268,987
1407374883554269,988
1407374883554270,989
1407374883554271,990
1407374883554272,991
1407374883554273,992
1407374883554274,993
1407374883554275,994
1407374883554276,995
1407374883554277,996
1407374883554278,997
1407374883554279,998
1407374883554280,999
1407374883554281,1000
1407374883554282,1001
1407374883554283,1002
1407374883554284,1003
1407374883554285,1004
1407374883554286,1005
1407374883554287,1006
1407374883554288,1007
1407374883554289,1008
1407374883554290,1009
1407374883554291,1010
1407374883554292,1011
1407374883554293,1012
1407374883554294,1013
1407374883554295,1014
1407374883554296,1015
1407374883554297,1016
1407374883554298,1017
1407374883554299,1018
1407374883554300,1019
1407374883554301,1020
1407374883554302,1021
1407374883554303,1022
1407374883554304,1023
1407374883554305,1024
1407374883554306,1025
1407374883554307,1026
1407374883554308,1027
1407374883554309,1028
1407374883554310,1029
1407374883554311,1030
1407374883554312,1031
1407374883554313,1032
1407374883554314,1033
1407374883554315,1034
1407374883554316,1035
1407374883554317,1036
1407374883554318,1037
1407374883554319,1038
1407374883554320,1039
1407374883554321,1040
1407374883554322,1041
1407374883554323,1042
1407374883554324,1043
1407374883554325,1044
1407374883554326,1045
1407374883554327,1046
1407374883554328,1047
1407374883554329,1048
1407374883554330,1049
1407374883554331,1050
1407374883554332,1051
1407374883554333,1052
1407374883554334,1053
1407374883554335,1054
1407374883554336,1055
1407374883554337,1056
1407374883554338,1057
1407374883554339,1058
1407374883554340,1059
1407374883554341,1060
1407374883554342,1061
1407374883554343,1062
1407374883554344,1063
1407374883554345,1064
1407374883554346,1065
1407374883554347,1066
1407374883554348,1067
1407374883554349,1068
1407374883554350,1069
1407374883554351,1070
1407374883554352,1071
1407374883554353,1072
1407374883554354,1073
1407374883554355,1074
1407374883554356,1075
1407374883554357,1076
1407374883554358,1077
1407374883554359,1078
1407374883554360,1079
1407374883554361,1080
1407374883554362,1081
1407374883554363,1082
1407374883554364,1083
1407374883554365,1084
1407374883554366,1085
1407374883554367,1086
1407374883554368,1087
1407374883554369,1088
1407374883554370,1089
1407374883554371,1090
1407374883554372,1091
1407374883554373,1092
1407374883554374,1093
1407374883554375,1094
1407374883554376,1095
1407374883554377,1096
1407374883554378,1097
1407374883554379,1098
1407374883554380,1099
1407374883554381,1100
1407374883554382,1101
1407374883554383,1102
1407374883554384,1103
1407374883554385,1104
1407374883554386,1105
1407374883554387,1106
1407374883554388,1107
1407374883554389,1108
1407374883554390,1109
1407374883554391,1110
1407374883554392,1111
1407374883554393,1112
1407374883554394,1113
1407374883554395,1114
1407374883554396,1115
1407374883554397,1116
1407374883554398,1117
1407374883554399,1118
1407374883554400,1119
1407374883554401,1120
1407374883554402,1121
1407374883554403,1122
1407374883554404,1123
1407374883554405,1124
1407374883554406,1125
1407374883554407,1126
1407374883554408,1127
1407374883554409,1128
1407374883554410,1129
1407374883554411,1130
1407374883554412,1131
1407374883554413,1132
1407374883554414,1133
1407374883554415,1134
1407374883554416,1135
1407374883554417,1136
1407374883554418,1137
1407374883554419,1138
1407374883554420,1139
1407374883554421,1140
1407374883554422,1141
1407374883554423,1142
1407374883554424,1143
1407374883554425,1144
1407374883554426,1145
1407374883554427,1146
1407374883554428,1147
1407374883554429,1148
1407374883554430,1149
1407374883554431,1150
1407374883554432,1151
1407374883554433,1152
1407374883554434,1153
1407374883554435,1154
1407374883554436,1155
1407374883554437,1156
1407374883554438,1157
1407374883554439,1158
1407374883554440,1159
1407374883554441,1160
1407374883554442,1161
1407374883554443,1162
1407374883554444,1163
1407374883554445,1164
1407374883554446,1165
1407374883554447,1166
1407374883554448,1167
1407374883554449,1168
1407374883554450,1169
1407374883554451,1170
1407374883554452,1171
1407374883554453,1172
1407374883554454,1173
1407374883554455,1174
1407374883554456,1175
1407374883554457,1176
1407374883554458,1177
1407374883554459,1178
1407374883554460,1179
1407374883554461,1180
1407374883554462,1181
1407374883554463,1182
1407374883554464,1183
1407374883554465,1184
1407374883554466,1185
1407374883554467,1186
1407374883554468,1187
1407374883554469,1188
1407374883554470,1189
1407374883554471,1190
1407374883554472,1191
1407374883554473,1192
1407374883554474,1193
1407374883554475,1194
1407374883554476,1195
1407374883554477,1196
1407374883554478,1197
1407374883554479,1198
1407374883554480,1199
1407374883554481,1200
1407374883554482,1201
1407374883554483,1202
1407374883554484,1203
1407374883554485,1204
1407374883554486,1205
1407374883554487,1206
1407374883554488,1207
1407374883554489,1208
1407374883554490,1209
1407374883554491,1210
1407374883554492,1211
1407374883554493,1212
1407374883554494,1213
1407374883554495,1214
1407374883554496,1215
1407374883554497,1216
1407374883554498,1217
1407374883554499,1218
1407374883554500,1219
1407374883554501,1220
1407374883554502,1221
1407374883554503,1222
1407374883554504,1223
1407374883554505,1224
1407374883554506,1225
1407374883554507,1226
1407374883554508,1227
1407374883554509,1228
1407374883554510,1229
1407374883554511,1230
1407374883554512,1231
1407374883554513,1232
1407374883554514,1233
1407374883554515,1234
1407374883554516,1235
1407374883554517,1236
1407374883554518,1237
1407374883554519,1238
1407374883554520,1239
1407374883554521,1240
1407374883554522,1241
1407374883554523,1242
1407374883554524,1243
1407374883554525,1244
1407374883554526,1245
1407374883554527,1246
1407374883554528,1247
1407374883554529,1248
1407374883554530,1249
1407374883554531,1250
1407374883554532,1251
1407374883554533,1252
1407374883554534,1253
1407374883554535,1254
1407374883554536,1255
1407374883554537,1256
1407374883554538,1257
1407374883554539,1258
1407374883554540,1259
1407374883554541,1260
1407374883554542,1261
1407374883554543,1262
1407374883554544,1263
1407374883554545,1264
1407374883554546,1265
1407374883554547,1266
1407374883554548,1267
1407374883554549,1268
1407374883554550,1269
1407374883554551,1270
1407374883554552,1271
1407374883554553,1272
1407374883554554,1273
1407374883554555,1274
1407374883554556,1275
1407374883554557,1276
1407374883554558,1277
1407374883554559,1278
1407374883554560,1279
1407374883554561,1280
1407374883554562,1281
1407374883554563,1282
1407374883554564,1283
1407374883554565,1284
1407374883554566,1285
1407374883554567,1286
1407374883554568,1287
1407374883554569,1288
1407374883554570,1289
1407374883554571,1290
1407374883554572,1291
1407374883554573,1292
1407374883554574,1293
1407374883554575,1294
1407374883554576,1295
1407374883554577,1296
1407374883554578,1297
1407374883554579,1298
1407374883554580,1299
1407374883554581,1300
1407374883554582,1301
1407374883554583,1302
1407374883554584,1303
1407374883554585,1304
1407374883554586,1305
1407374883554587,1306
1407374883554588,1307
1407374883554589,1308
1407374883554590,1309
1407374883554591,1310
1407374883554592,1311
1407374883554593,1312
1407374883554594,1313
1407374883554595,1314
1407374883554596,1315
1407374883554597,1316
1407374883554598,1317
1407374883554599,1318
1407374883554600,1319
1407374883554601,1320
1407374883554602,1321
1407374883554603,1322
1407374883554604,1323
1407374883554605,1324
1407374883554606,1325
1407374883554607,1326
1407374883554608,1327
1407374883554609,1328
1407374883554610,1329
1407374883554611,1330
1407374883554612,1331
1407374883554613,1332
1407374883554614,1333
1407374883554615,1334
1407374883554616,1335
1407374883554617,1336
1407374883554618,1337
1407374883554619,1338
1407374883554620,1339
1407374883554621,1340
1407374883554622,1341
1407374883554623,1342
1407374883554624,1343
1407374883554625,1344
1407374883554626,1345
1407374883554627,1346
1407374883554628,1347
1407374883554629,1348
1407374883554630,1349
1407374883554631,1350
1407374883554632,1351
1407374883554633,1352
1407374883554634,1353
1407374883554635,1354
1407374883554636,1355
1407374883554637,1356
1407374883554638,1357
1407374883554639,1358
1407374883554640,1359
1407374883554641,1360
1407374883554642,1361
1407374883554643,1362
1407374883554644,1363
1407374883554645,1364
1407374883554646,1365
1407374883554647,1366
1407374883554648,1367
1407374883554649,1368
1407374883554650,1369
1407374883554651,1370
1407374883554652,1371
1407374883554653,1372
1407374883554654,1373
1407374883554655,1374
1407374883554656,1375
1407374883554657,1376
1407374883554658,1377
1407374883554659,1378
1407374883554660,1379
1407374883554661,1380
1407374883554662,1381
1407374883554663,1382
1407374883554664,1383
1407374883554665,1384
1407374883554666,1385
1407374883554667,1386
1407374883554668,1387
1407374883554669,1388
1407374883554670,1389
1407374883554671,1390
1407374883554672,1391
1407374883554673,1392
1407374883554674,1393
1407374883554675,1394
1407374883554676,1395
1407374883554677,1396
1407374883554678,1397
1407374883554679,1398
1407374883554680,1399
1407374883554681,1400
1407374883554682,1401
1407374883554683,1402
1407374883554684,1403
1407374883554685,1404
1407374883554686,1405
1407374883554687,1406
1407374883554688,1407
1407374883554689,1408
1407374883554690,1409
1407374883554691,1410
1407374883554692,1411
1407374883554693,1412
1407374883554694,1413
1407374883554695,1414
1407374883554696,1415
1407374883554697,1416
1407374883554698,1417
1407374883554699,1418
1407374883554700,1419
1407374883554701,1420
1407374883554702,1421
1407374883554703,1422
1407374883554704,1423
1407374883554705,1424
1407374883554706,1425
1407374883554707,1426
1407374883554708,1427
1407374883554709,1428
1407374883554710,1429
1407374883554711,1430
1407374883554712,1431
1407374883554713,1432
1407374883554714,1433
1407374883554715,1434
1407374883554716,1435
1407374883554717,1436
1407374883554718,1437
1407374883554719,1438
1407374883554720,1439
1407374883554721,1440
1407374883554722,1441
1407374883554723,1442
1407374883554724,1443
1407374883554725,1444
1407374883554726,1445
1407374883554727,1446
1407374883554728,1447
1407374883554729,1448
1407374883554730,1449
1407374883554731,1450
1407374883554732,1451
1407374883554733,1452
1407374883554734,1453
1407374883554735,1454
1407374883554736,1455
1407374883554737,1456
1407374883554738,1457
1407374883554739,1458
1407374883554740,1459
1407374883554741,1460
1407374883554742,1461
1407374883554743,1462
1407374883554744,1463
1407374883554745,1464
1407374883554746,1465
1407374883554747,1466
1407374883554748,1467
1407374883554749,1468
1407374883554750,1469
1407374883554751,1470
1407374883554752,1471
1407374883554753,1472
1407374883554754,1473
1407374883554755,1474
1407374883554756,1475
1407374883554757,1476
1407374883554758,1477
1407374883554759,1478
1407374883554760,1479
1407374883554761,1480
1407374883554762,1481
1407374883554763,1482
1407374883554764,1483
1407374883554765,1484
1407374883554766,1485
1407374883554767,1486
1407374883554768,1487
1407374883554769,1488
1407374883554770,1489
1407374883554771,1490
1407374883554772,1491
1407374883554773,1492
1407374883554774,1493
1407374883554775,1494
1407374883554776,1495
1407374883554777,1496
1407374883554778,1497
1407374883554779,1498
1407374883554780,1499
1407374883554781,1500
1407374883554782,1501
1407374883554783,1502
1407374883554784,1503
1407374883554785,1504
1407374883554786,1505
1407374883554787,1506
1407374883554788,1507
1407374883554789,1508
1407374883554790,1509
1407374883554791,1510
1407374883554792,1511
1407374883554793,1512
1407374883554794,1513
1407374883554795,1514
1407374883554796,1515
1407374883554797,1516
1407374883554798,1517
1407374883554799,1518
1407374883554800,1519
1407374883554801,1520
1407374883554802,1521
1407374883554803,1522
1407374883554804,1523
1407374883554805,1524
1407374883554806,1525
1407374883554807,1526
1407374883554808,1527
1407374883554809,1528
1407374883554810,1529
1407374883554811,1530
1407374883554812,1531
1407374883554813,1532
1407374883554814,1533
1407374883554815,1534
1407374883554816,1535
1407374883554817,1536
1407374883554818,1537
1407374883554819,1538
1407374883554820,1539
1407374883554821,1540
1407374883554822,1541
1407374883554823,1542
1407374883554824,1543
1407374883554825,1544
1407374883554826,1545
1407374883554827,1546
1407374883554828,1547
1407374883554829,1548
1407374883554830,1549
1407374883554831,1550
1407374883554832,1551
1407374883554833,1552
1407374883554834,1553
1407374883554835,1554
1407374883554836,1555
1407374883554837,1556
1407374883554838,1557
1407374883554839,1558
1407374883554840,1559
1407374883554841,1560
1407374883554842,1561
1407374883554843,1562
1407374883554844,1563
1407374883554845,1564
1407374883554846,1565
1407374883554847,1566
1407374883554848,1567
1407374883554849,1568
1407374883554850,1569
1407374883554851,1570
1407374883554852,1571
1407374883554853,1572
1407374883554854,1573
1407374883554855,1574
1407374883554856,1575
1407374883554857,1576
1407374883554858,1577
1407374883554859,1578
1407374883554860,1579
1407374883554861,1580
1407374883554862,1581
1407374883554863,1582
1407374883554864,1583
1407374883554865,1584
1407374883554866,1585
1407374883554867,1586
1407374883554868,1587
1407374883554869,1588
1407374883554870,1589
1407374883554871,1590
1407374883554872,1591
1407374883554873,1592
1407374883554874,1593
1407374883554875,1594
1407374883554876,1595
1407374883554877,1596
1407374883554878,1597
1407374883554879,1598
1407374883554880,1599
1407374883554881,1600
1407374883554882,1601
1407374883554883,1602
1407374883554884,1603
1407374883554885,1604
1407374883554886,1605
1407374883554887,1606
1407374883554888,1607
1407374883554889,1608
1407374883554890,1609
1407374883554891,1610
1407374883554892,1611
1407374883554893,1612
1407374883554894,1613
1407374883554895,1614
1407374883554896,1615
1407374883554897,1616
1407374883554898,1617
1407374883554899,1618
1407374883554900,1619
1407374883554901,1620
1407374883554902,1621
1407374883554903,1622
1407374883554904,1623
1407374883554905,1624
1407374883554906,1625
1407374883554907,1626
1407374883554908,1627
1407374883554909,1628
1407374883554910,1629
1407374883554911,1630
1407374883554912,1631
1407374883554913,1632
1407374883554914,1633
1407374883554915,1634
1407374883554916,1635
1407374883554917,1636
1407374883554918,1637
1407374883554919,1638
1407374883554920,1639
1407374883554921,1640
1407374883554922,1641
1407374883554923,1642
1407374883554924,1643
1407374883554925,1644
1407374883554926,1645
1407374883554927,1646
1407374883554928,1647
1407374883554929,1648
1407374883554930,1649
1407374883554931,1650
1407374883554932,1651
1407374883554933,1652
1407374883554934,1653
1407374883554935,1654
1407374883554936,1655
1407374883554937,1656
1407374883554938,1657
1407374883554939,1658
1407374883554940,1659
1407374883554941,1660
1407374883554942,1661
1407374883554943,1662
1407374883554944,1663
1407374883554945,1664
1407374883554946,1665
1407374883554947,1666
1407374883554948,1667
1407374883554949,1668
1407374883554950,1669
1407374883554951,1670
1407374883554952,1671
1407374883554953,1672
1407374883554954,1673
1407374883554955,1674
1407374883554956,1675
1407374883554957,1676
1407374883554958,1677
1407374883554959,1678
1407374883554960,1679
1407374883554961,1680
1407374883554962,1681
1407374883554963,1682
1407374883554964,1683
1407374883554965,1684
1407374883554966,1685
1407374883554967,1686
1407374883554968,1687
1407374883554969,1688
1407374883554970,1689
1407374883554971,1690
1407374883554972,1691
1407374883554973,1692
1407374883554974,1693
1407374883554975,1694
1407374883554976,1695
1407374883554977,1696
1407374883554978,1697
1407374883554979,1698
1407374883554980,1699
1407374883554981,1700
1407374883554982,1701
1407374883554983,1702
1407374883554984,1703
1407374883554985,1704
1407374883554986,1705
1407374883554987,1706
1407374883554988,1707
1407374883554989,1708
1407374883554990,1709
1407374883554991,1710
1407374883554992,1711
1407374883554993,1712
1407374883554994,1713
1407374883554995,1714
1407374883554996,1715
1407374883554997,1716
1407374883554998,1717
1407374883554999,1718
1407374883555000,1719
1407374883555001,1720
1407374883555002,1721
1407374883555003,1722
1407374883555004,1723
1407374883555005,1724
1407374883555006,1725
1407374883555007,1726
1407374883555008,1727
1407374883555009,1728
1407374883555010,1729
1407374883555011,1730
1407374883555012,1731
1407374883555013,1732
1407374883555014,1733
1407374883555015,1734
1407374883555016,1735
1407374883555017,1736
1407374883555018,1737
1407374883555019,1738
1407374883555020,1739
1407374883555021,1740
1407374883555022,1741
1407374883555023,1742
1407374883555024,1743
1407374883555025,1744
1407374883555026,1745
1407374883555027,1746
1407374883555028,1747
1407374883555029,1748
1407374883555030,1749
1407374883555031,1750
1407374883555032,1751
1407374883555033,1752
1407374883555034,1753
1407374883555035,1754
1407374883555036,1755
1407374883555037,1756
1407374883555038,1757
1407374883555039,1758
1407374883555040,1759
1407374883555041,1760
1407374883555042,1761
1407374883555043,1762
1407374883555044,1763
1407374883555045,1764
1407374883555046,1765
1407374883555047,1766
1407374883555048,1767
1407374883555049,1768
1407374883555050,1769
1407374883555051,1770
1407374883555052,1771
1407374883555053,1772
1407374883555054,1773
1407374883555055,1774
1407374883555056,1775
1407374883555057,1776
1407374883555058,1777
1407374883555059,1778
1407374883555060,1779
1407374883555061,1780
1407374883555062,1781
1407374883555063,1782
1407374883555064,1783
1407374883555065,1784
1407374883555066,1785
1407374883555067,1786
1407374883555068,1787
1407374883555069,1788
1407374883555070,1789
1407374883555071,1790
1407374883555072,1791
1407374883555073,1792
1407374883555074,1793
1407374883555075,1794
1407374883555076,1795
1407374883555077,1796
1407374883555078,1797
1407374883555079,1798
1407374883555080,1799
1407374883555081,1800
1407374883555082,1801
1407374883555083,1802
1407374883555084,1803
1407374883555085,1804
1407374883555086,1805
1407374883555087,1806
1407374883555088,1807
1407374883555089,1808
1407374883555090,1809
1407374883555091,1810
1407374883555092,1811
1407374883555093,1812
1407374883555094,1813
1407374883555095,1814
1407374883555096,1815
1407374883555097,1816
1407374883555098,1817
1407374883555099,1818
1407374883555100,1819
1407374883555101,1820
1407374883555102,1821
1407374883555103,1822
1407374883555104,1823
1407374883555105,1824
1407374883555106,1825
1407374883555107,1826
1407374883555108,1827
1407374883555109,1828
1407374883555110,1829
1407374883555111,1830
1407374883555112,1831
1407374883555113,1832
1407374883555114,1833
1407374883555115,1834
1407374883555116,1835
1407374883555117,1836
1407374883555118,1837
1407374883555119,1838
1407374883555120,1839
1407374883555121,1840
1407374883555122,1841
1407374883555123,1842
1407374883555124,1843
1407374883555125,1844
1407374883555126,1845
1407374883555127,1846
1407374883555128,1847
1407374883555129,1848
1407374883555130,1849
1407374883555131,1850
1407374883555132,1851
1407374883555133,1852
1407374883555134,1853
1407374883555135,1854
1407374883555136,1855
1407374883555137,1856
1407374883555138,1857
1407374883555139,1858
1407374883555140,1859
1407374883555141,1860
1407374883555142,1861
1407374883555143,1862
1407374883555144,1863
1407374883555145,1864
1407374883555146,1865
1407374883555147,1866
1407374883555148,1867
1407374883555149,1868
1407374883555150,1869
1407374883555151,1870
1407374883555152,1871
1407374883555153,1872
1407374883555154,1873
1407374883555155,1874
1407374883555156,1875
1407374883555157,1876
1407374883555158,1877
1407374883555159,1878
1407374883555160,1879
1407374883555161,1880
1407374883555162,1881
1407374883555163,1882
1407374883555164,1883
1407374883555165,1884
1407374883555166,1885
1407374883555167,1886
1407374883555168,1887
1407374883555169,1888
1407374883555170,1889
1407374883555171,1890
1407374883555172,1891
1407374883555173,1892
1407374883555174,1893
1407374883555175,1894
1407374883555176,1895
1407374883555177,1896
1407374883555178,1897
1407374883555179,1898
1407374883555180,1899
1407374883555181,1900
1407374883555182,1901
1407374883555183,1902
1407374883555184,1903
1407374883555185,1904
1407374883555186,1905
1407374883555187,1906
1407374883555188,1907
1407374883555189,1908
1407374883555190,1909
1407374883555191,1910
1407374883555192,1911
1407374883555193,1912
1407374883555194,1913
1407374883555195,1914
1407374883555196,1915
1407374883555197,1916
1407374883555198,1917
1407374883555199,1918
1407374883555200,1919
1407374883555201,1920
1407374883555202,1921
1407374883555203,1922
1407374883555204,1923
1407374883555205,1924
1407374883555206,1925
1407374883555207,1926
1407374883555208,1927
1407374883555209,1928
1407374883555210,1929
1407374883555211,1930
1407374883555212,1931
1407374883555213,1932
1407374883555214,1933
1407374883555215,1934
1407374883555216,1935
1407374883555217,1936
1407374883555218,1937
1407374883555219,1938
1407374883555220,1939
1407374883555221,1940
1407374883555222,1941
1407374883555223,1942
1407374883555224,1943
1407374883555225,1944
1407374883555226,1945
1407374883555227,1946
1407374883555228,1947
1407374883555229,1948
1407374883555230,1949
1407374883555231,1950
1407374883555232,1951
1407374883555233,1952
1407374883555234,1953
1407374883555235,1954
1407374883555236,1955
1407374883555237,1956
1407374883555238,1957
1407374883555239,1958
1407374883555240,1959
1407374883555241,1960
1407374883555242,1961
1407374883555243,1962
1407374883555244,1963
1407374883555245,1964
1407374883555246,1965
1407374883555247,1966
1407374883555248,1967
1407374883555249,1968
1407374883555250,1969
1407374883555251,1970
1407374883555252,1971
1407374883555253,1972
1407374883555254,1973
1407374883555255,1974
1407374883555256,1975
1407374883555257,1976
1407374883555258,1977
1407374883555259,1978
1407374883555260,1979
1407374883555261,1980
1407374883555262,1981
1407374883555263,1982
1407374883555264,1983
1407374883555265,1984
1407374883555266,1985
1407374883555267,1986
1407374883555268,1987
1407374883555269,1988
1407374883555270,1989
1407374883555271,1990
1407374883555272,1991
1407374883555273,1992
1407374883555274,1993
1407374883555275,1994
1407374883555276,1995
1407374883555277,1996
1407374883555278,1997
1407374883555279,1998
1407374883555280,1999
1407374883555281,2000
1407374883555282,2001
1407374883555283,2002
1407374883555284,2003
1407374883555285,2004
1407374883555286,2005
1407374883555287,2006
1407374883555288,2007
1407374883555289,2008
1407374883555290,2009
1407374883555291,2010
1407374883555292,2011
1407374883555293,2012
1407374883555294,2013
1407374883555295,2014
1407374883555296,2015
1407374883555297,2016
1407374883555298,2017
1407374883555299,2018
1407374883555300,2019
1407374883555301,2020
1407374883555302,2021
1407374883555303,2022
1407374883555304,2023
1407374883555305,2024
1407374883555306,2025
1407374883555307,2026
1407374883555308,2027
1407374883555309,2028
1407374883555310,2029
1407374883555311,2030
1407374883555312,2031
1407374883555313,2032
1407374883555314,2033
1407374883555315,2034
1407374883555316,2035
1407374883555317,2036
1407374883555318,2037
1407374883555319,2038
1407374883555320,2039
1407374883555321,2040
1407374883555322,2041
1407374883555323,2042
1407374883555324,2043
1407374883555325,2044
1407374883555326,2045
1407374883555327,2046
1407374883555328,2047
1407374883555329,2048
1407374883555330,2049
1407374883555331,2050
1407374883555332,2051
1407374883555333,2052
1407374883555334,2053
1407374883555335,2054
1407374883555336,2055
1407374883555337,2056
1407374883555338,2057
1407374883555339,2058
1407374883555340,2059
1407374883555341,2060
1407374883555342,2061
1407374883555343,2062
1407374883555344,2063
1407374883555345,2064
1407374883555346,2065
1407374883555347,2066
1407374883555348,2067
1407374883555349,2068
1407374883555350,2069
1407374883555351,2070
1407374883555352,2071
1407374883555353,2072
1407374883555354,2073
1407374883555355,2074
1407374883555356,2075
1407374883555357,2076
1407374883555358,2077
1407374883555359,2078
1407374883555360,2079
1407374883555361,2080
1407374883555362,2081
1407374883555363,2082
1407374883555364,2083
1407374883555365,2084
1407374883555366,2085
1407374883555367,2086
1407374883555368,2087
1407374883555369,2088
1407374883555370,2089
1407374883555371,2090
1407374883555372,2091
1407374883555373,2092
1407374883555374,2093
1407374883555375,2094
1407374883555376,2095
1407374883555377,2096
1407374883555378,2097
1407374883555379,2098
1407374883555380,2099
1407374883555381,2100
1407374883555382,2101
1407374883555383,2102
1407374883555384,2103
1407374883555385,2104
1407374883555386,2105
1407374883555387,2106
1407374883555388,2107
1407374883555389,2108
1407374883555390,2109
1407374883555391,2110
1407374883555392,2111
1407374883555393,2112
1407374883555394,2113
1407374883555395,2114
1407374883555396,2115
1407374883555397,2116
1407374883555398,2117
1407374883555399,2118
1407374883555400,2119
1407374883555401,2120
1407374883555402,2121
1407374883555403,2122
1407374883555404,2123
1407374883555405,2124
1407374883555406,2125
1407374883555407,2126
1407374883555408,2127
1407374883555409,2128
1407374883555410,2129
1407374883555411,2130
1407374883555412,2131
1407374883555413,2132
1407374883555414,2133
1407374883555415,2134
1407374883555416,2135
1407374883555417,2136
1407374883555418,2137
1407374883555419,2138
1407374883555420,2139
1407374883555421,2140
1407374883555422,2141
1407374883555423,2142
1407374883555424,2143
1407374883555425,2144
1407374883555426,2145
1407374883555427,2146
1407374883555428,2147
1407374883555429,2148
1407374883555430,2149
1407374883555431,2150
1407374883555432,2151
1407374883555433,2152
1407374883555434,2153
1407374883555435,2154
1407374883555436,2155
1407374883555437,2156
1407374883555438,2157
1407374883555439,2158
1407374883555440,2159
1407374883555441,2160
1407374883555442,2161
1407374883555443,2162
1407374883555444,2163
1407374883555445,2164
1407374883555446,2165
1407374883555447,2166
1407374883555448,2167
1407374883555449,2168
1407374883555450,2169
1407374883555451,2170
1407374883555452,2171
1407374883555453,2172
1407374883555454,2173
1407374883555455,2174
1407374883555456,2175
1407374883555457,2176
1407374883555458,2177
1407374883555459,2178
1407374883555460,2179
1407374883555461,2180
1407374883555462,2181
1407374883555463,2182
1407374883555464,2183
1407374883555465,2184
1407374883555466,2185
1407374883555467,2186
1407374883555468,2187
1407374883555469,2188
1407374883555470,2189
1407374883555471,2190
1407374883555472,2191
1407374883555473,2192
1407374883555474,2193
1407374883555475,2194
1407374883555476,2195
1407374883555477,2196
1407374883555478,2197
1407374883555479,2198
1407374883555480,2199
1407374883555481,2200
1407374883555482,2201
1407374883555483,2202
1407374883555484,2203
1407374883555485,2204
1407374883555486,2205
1407374883555487,2206
1407374883555488,2207
1407374883555489,2208
1407374883555490,2209
1407374883555491,2210
1407374883555492,2211
1407374883555493,2212
1407374883555494,2213
1407374883555495,2214
1407374883555496,2215
1407374883555497,2216
1407374883555498,2217
1407374883555499,2218
1407374883555500,2219
1407374883555501,2220
1407374883555502,2221
1407374883555503,2222
1407374883555504,2223
1407374883555505,2224
1407374883555506,2225
1407374883555507,2226
1407374883555508,2227
1407374883555509,2228
1407374883555510,2229
1407374883555511,2230
1407374883555512,2231
1407374883555513,2232
1407374883555514,2233
1407374883555515,2234
1407374883555516,2235
1407374883555517,2236
1407374883555518,2237
1407374883555519,2238
1407374883555520,2239
1407374883555521,2240
1407374883555522,2241
1407374883555523,2242
1407374883555524,2243
1407374883555525,2244
1407374883555526,2245
1407374883555527,2246
1407374883555528,2247
1407374883555529,2248
1407374883555530,2249
1407374883555531,2250
1407374883555532,2251
1407374883555533,2252
1407374883555534,2253
1407374883555535,2254
1407374883555536,2255
1407374883555537,2256
1407374883555538,2257
1407374883555539,2258
1407374883555540,2259
1407374883555541,2260
1407374883555542,2261
1407374883555543,2262
1407374883555544,2263
1407374883555545,2264
1407374883555546,2265
1407374883555547,2266
1407374883555548,2267
1407374883555549,2268
1407374883555550,2269
1407374883555551,2270
1407374883555552,2271
1407374883555553,2272
1407374883555554,2273
1407374883555555,2274
1407374883555556,2275
1407374883555557,2276
1407374883555558,2277
1407374883555559,2278
1407374883555560,2279
1407374883555561,2280
1407374883555562,2281
1407374883555563,2282
1407374883555564,2283
1407374883555565,2284
1407374883555566,2285
1407374883555567,2286
1407374883555568,2287
1407374883555569,2288
1407374883555570,2289
1407374883555571,2290
1407374883555572,2291
1407374883555573,2292
1407374883555574,2293
1407374883555575,2294
1407374883555576,2295
1407374883555577,2296
1407374883555578,2297
1407374883555579,2298
1407374883555580,2299
1407374883555581,2300
1407374883555582,2301
1407374883555583,2302
1407374883555584,2303
1407374883555585,2304
1407374883555586,2305
1407374883555587,2306
1407374883555588,2307
1407374883555589,2308
1407374883555590,2309
1407374883555591,2310
1407374883555592,2311
1407374883555593,2312
1407374883555594,2313
1407374883555595,2314
1407374883555596,2315
1407374883555597,2316
1407374883555598,2317
1407374883555599,2318
1407374883555600,2319
1407374883555601,2320
1407374883555602,2321
1407374883555603,2322
1407374883555604,2323
1407374883555605,2324
1407374883555606,2325
1407374883555607,2326
1407374883555608,2327
1407374883555609,2328
1407374883555610,2329
1407374883555611,2330
1407374883555612,2331
1407374883555613,2332
1407374883555614,2333
1407374883555615,2334
1407374883555616,2335
1407374883555617,2336
1407374883555618,2337
1407374883555619,2338
1407374883555620,2339
1407374883555621,2340
1407374883555622,2341
1407374883555623,2342
1407374883555624,2343
1407374883555625,2344
1407374883555626,2345
1407374883555627,2346
1407374883555628,2347
1407374883555629,2348
1407374883555630,2349
1407374883555631,2350
1407374883555632,2351
1407374883555633,2352
1407374883555634,2353
1407374883555635,2354
1407374883555636,2355
1407374883555637,2356
1407374883555638,2357
1407374883555639,2358
1407374883555640,2359
1407374883555641,2360
1407374883555642,2361
1407374883555643,2362
1407374883555644,2363
1407374883555645,2364
1407374883555646,2365
1407374883555647,2366
1407374883555648,2367
1407374883555649,2368
1407374883555650,2369
1407374883555651,2370
1407374883555652,2371
1407374883555653,2372
1407374883555654,2373
1407374883555655,2374
1407374883555656,2375
1407374883555657,2376
1407374883555658,2377
1407374883555659,2378
1407374883555660,2379
1407374883555661,2380
1407374883555662,2381
1407374883555663,2382
1407374883555664,2383
1407374883555665,2384
1407374883555666,2385
1407374883555667,2386
1407374883555668,2387
1407374883555669,2388
1407374883555670,2389
1407374883555671,2390
1407374883555672,2391
1407374883555673,2392
1407374883555674,2393
1407374883555675,2394
1407374883555676,2395
1407374883555677,2396
1407374883555678,2397
1407374883555679,2398
1407374883555680,2399
1407374883555681,2400
1407374883555682,2401
1407374883555683,2402
1407374883555684,2403
1407374883555685,2404
1407374883555686,2405
1407374883555687,2406
1407374883555688,2407
1407374883555689,2408
1407374883555690,2409
1407374883555691,2410
1407374883555692,2411
1407374883555693,2412
1407374883555694,2413
1407374883555695,2414
1407374883555696,2415
1407374883555697,2416
1407374883555698,2417
1407374883555699,2418
1407374883555700,2419
1407374883555701,2420
1407374883555702,2421
1407374883555703,2422
1407374883555704,2423
1407374883555705,2424
1407374883555706,2425
1407374883555707,2426
1407374883555708,2427
1407374883555709,2428
1407374883555710,2429
1407374883555711,2430
1407374883555712,2431
1407374883555713,2432
1407374883555714,2433
1407374883555715,2434
1407374883555716,2435
1407374883555717,2436
1407374883555718,2437
1407374883555719,2438
1407374883555720,2439
1407374883555721,2440
1407374883555722,2441
1407374883555723,2442
1407374883555724,2443
1407374883555725,2444
1407374883555726,2445
1407374883555727,2446
1407374883555728,2447
1407374883555729,2448
1407374883555730,2449
1407374883555731,2450
1407374883555732,2451
1407374883555733,2452
1407374883555734,2453
1407374883555735,2454
1407374883555736,2455
1407374883555737,2456
1407374883555738,2457
1407374883555739,2458
1407374883555740,2459
1407374883555741,2460
1407374883555742,2461
1407374883555743,2462
1407374883555744,2463
1407374883555745,2464
1407374883555746,2465
1407374883555747,2466
1407374883555748,2467
1407374883555749,2468
1407374883555750,2469
1407374883555751,2470
1407374883555752,2471
1407374883555753,2472
1407374883555754,2473
1407374883555755,2474
1407374883555756,2475
1407374883555757,2476
1407374883555758,2477
1407374883555759,2478
1407374883555760,2479
1407374883555761,2480
1407374883555762,2481
1407374883555763,2482
1407374883555764,2483
1407374883555765,2484
1407374883555766,2485
1407374883555767,2486
1407374883555768,2487
1407374883555769,2488
1407374883555770,2489
1407374883555771,2490
1407374883555772,2491
1407374883555773,2492
1407374883555774,2493
1407374883555775,2494
1407374883555776,2495
1407374883555777,2496
1407374883555778,2497
1407374883555779,2498
1407374883555780,2499
1407374883555781,2500
1407374883555782,2501
1407374883555783,2502
1407374883555784,2503
1407374883555785,2504
1407374883555786,2505
1407374883555787,2506
1407374883555788,2507
1407374883555789,2508
1407374883555790,2509
1407374883555791,2510
1407374883555792,2511
1407374883555793,2512
1407374883555794,2513
1407374883555795,2514
1407374883555796,2515
1407374883555797,2516
1407374883555798,2517
1407374883555799,2518
1407374883555800,2519
1407374883555801,2520
1407374883555802,2521
1407374883555803,2522
1407374883555804,2523
1407374883555805,2524
1407374883555806,2525
1407374883555807,2526
1407374883555808,2527
1407374883555809,2528
1407374883555810,2529
1407374883555811,2530
1407374883555812,2531
1407374883555813,2532
1407374883555814,2533
1407374883555815,2534
1407374883555816,2535
1407374883555817,2536
1407374883555818,2537
1407374883555819,2538
1407374883555820,2539
1407374883555821,2540
1407374883555822,2541
1407374883555823,2542
1407374883555824,2543
1407374883555825,2544
1407374883555826,2545
1407374883555827,2546
1407374883555828,2547
1407374883555829,2548
1407374883555830,2549
1407374883555831,2550
1407374883555832,2551
1407374883555833,2552
1407374883555834,2553
1407374883555835,2554
1407374883555836,2555
1407374883555837,2556
1407374883555838,2557
1407374883555839,2558
1407374883555840,2559
1407374883555841,2560
1407374883555842,2561
1407374883555843,2562
1407374883555844,2563
1407374883555845,2564
1407374883555846,2565
1407374883555847,2566
1407374883555848,2567
1407374883555849,2568
1407374883555850,2569
1407374883555851,2570
1407374883555852,2571
1407374883555853,2572
1407374883555854,2573
1407374883555855,2574
1407374883555856,2575
1407374883555857,2576
1407374883555858,2577
1407374883555859,2578
1407374883555860,2579
1407374883555861,2580
1407374883555862,2581
1407374883555863,2582
1407374883555864,2583
1407374883555865,2584
1407374883555866,2585
1407374883555867,2586
1407374883555868,2587
1407374883555869,2588
1407374883555870,2589
1407374883555871,2590
1407374883555872,2591
1407374883555873,2592
1407374883555874,2593
1407374883555875,2594
1407374883555876,2595
1407374883555877,2596
1407374883555878,2597
1407374883555879,2598
1407374883555880,2599
1407374883555881,2600
1407374883555882,2601
1407374883555883,2602
1407374883555884,2603
1407374883555885,2604
1407374883555886,2605
1407374883555887,2606
1407374883555888,2607
1407374883555889,2608
1407374883555890,2609
1407374883555891,2610
1407374883555892,2611
1407374883555893,2612
1407374883555894,2613
1407374883555895,2614
1407374883555896,2615
1407374883555897,2616
1407374883555898,2617
1407374883555899,2618
1407374883555900,2619
1407374883555901,2620
1407374883555902,2621
1407374883555903,2622
1407374883555904,2623
1407374883555905,2624
1407374883555906,2625
1407374883555907,2626
1407374883555908,2627
1407374883555909,2628
1407374883555910,2629
1407374883555911,2630
1407374883555912,2631
1407374883555913,2632
1407374883555914,2633
1407374883555915,2634
1407374883555916,2635
1407374883555917,2636
1407374883555918,2637
1407374883555919,2638
1407374883555920,2639
1407374883555921,2640
1407374883555922,2641
1407374883555923,2642
1407374883555924,2643
1407374883555925,2644
1407374883555926,2645
1407374883555927,2646
1407374883555928,2647
1407374883555929,2648
1407374883555930,2649
1407374883555931,2650
1407374883555932,2651
1407374883555933,2652
1407374883555934,2653
1407374883555935,2654
1407374883555936,2655
1407374883555937,2656
1407374883555938,2657
1407374883555939,2658
1407374883555940,2659
1407374883555941,2660
1407374883555942,2661
1407374883555943,2662
1407374883555944,2663
1407374883555945,2664
1407374883555946,2665
1407374883555947,2666
1407374883555948,2667
1407374883555949,2668
1407374883555950,2669
1407374883555951,2670
1407374883555952,2671
1407374883555953,2672
1407374883555954,2673
1407374883555955,2674
1407374883555956,2675
1407374883555957,2676
1407374883555958,2677
1407374883555959,2678
1407374883555960,2679
1407374883555961,2680
1407374883555962,2681
1407374883555963,2682
1407374883555964,2683
1407374883555965,2684
1407374883555966,2685
1407374883555967,2686
1407374883555968,2687
1407374883555969,2688
1407374883555970,2689
1407374883555971,2690
1407374883555972,2691
1407374883555973,2692
1407374883555974,2693
1407374883555975,2694
1407374883555976,2695
1407374883555977,2696
1407374883555978,2697
1407374883555979,2698
1407374883555980,2699
1407374883555981,2700
1407374883555982,2701
1407374883555983,2702
1407374883555984,2703
1407374883555985,2704
1407374883555986,2705
1407374883555987,2706
1407374883555988,2707
1407374883555989,2708
1407374883555990,2709
1407374883555991,2710
1407374883555992,2711
1407374883555993,2712
1407374883555994,2713
1407374883555995,2714
1407374883555996,2715
1407374883555997,2716
1407374883555998,2717
1407374883555999,2718
1407374883556000,2719
1407374883556001,2720
1407374883556002,2721
1407374883556003,2722
1407374883556004,2723
1407374883556005,2724
1407374883556006,2725
1407374883556007,2726
1407374883556008,2727
1407374883556009,2728
1407374883556010,2729
1407374883556011,2730
1407374883556012,2731
1407374883556013,2732
1407374883556014,2733
1407374883556015,2734
1407374883556016,2735
1407374883556017,2736
1407374883556018,2737
1407374883556019,2738
1407374883556020,2739
1407374883556021,2740
1407374883556022,2741
1407374883556023,2742
1407374883556024,2743
1407374883556025,2744
1407374883556026,2745
1407374883556027,2746
1407374883556028,2747
1407374883556029,2748
1407374883556030,2749
1407374883556031,2750
1407374883556032,2751
1407374883556033,2752
1407374883556034,2753
1407374883556035,2754
1407374883556036,2755
1407374883556037,2756
1407374883556038,2757
1407374883556039,2758
1407374883556040,2759
1407374883556041,2760
1407374883556042,2761
1407374883556043,2762
1407374883556044,2763
1407374883556045,2764
1407374883556046,2765
1407374883556047,2766
1407374883556048,2767
1407374883556049,2768
1407374883556050,2769
1407374883556051,2770
1407374883556052,2771
1407374883556053,2772
1407374883556054,2773
1407374883556055,2774
1407374883556056,2775
1407374883556057,2776
1407374883556058,2777
1407374883556059,2778
1407374883556060,2779
1407374883556061,2780
1407374883556062,2781
1407374883556063,2782
1407374883556064,2783
1407374883556065,2784
1407374883556066,2785
1407374883556067,2786
1407374883556068,2787
1407374883556069,2788
1407374883556070,2789
1407374883556071,2790
1407374883556072,2791
1407374883556073,2792
1407374883556074,2793
1407374883556075,2794
1407374883556076,2795
1407374883556077,2796
1407374883556078,2797
1407374883556079,2798
1407374883556080,2799
1407374883556081,2800
1407374883556082,2801
1407374883556083,2802
1407374883556084,2803
1407374883556085,2804
1407374883556086,2805
1407374883556087,2806
1407374883556088,2807
1407374883556089,2808
1407374883556090,2809
1407374883556091,2810
1407374883556092,2811
1407374883556093,2812
1407374883556094,2813
1407374883556095,2814
1407374883556096,2815
1407374883556097,2816
1407374883556098,2817
1407374883556099,2818
1407374883556100,2819
1407374883556101,2820
1407374883556102,2821
1407374883556103,2822
1407374883556104,2823
1407374883556105,2824
1407374883556106,2825
1407374883556107,2826
1407374883556108,2827
1407374883556109,2828
1407374883556110,2829
1407374883556111,2830
1407374883556112,2831
1407374883556113,2832
1407374883556114,2833
1407374883556115,2834
1407374883556116,2835
1407374883556117,2836
1407374883556118,2837
1407374883556119,2838
1407374883556120,2839
1407374883556121,2840
1407374883556122,2841
1407374883556123,2842
1407374883556124,2843
1407374883556125,2844
1407374883556126,2845
1407374883556127,2846
1407374883556128,2847
1407374883556129,2848
1407374883556130,2849
1407374883556131,2850
1407374883556132,2851
1407374883556133,2852
1407374883556134,2853
1407374883556135,2854
1407374883556136,2855
1407374883556137,2856
1407374883556138,2857
1407374883556139,2858
1407374883556140,2859
1407374883556141,2860
1407374883556142,2861
1407374883556143,2862
1407374883556144,2863
1407374883556145,2864
1407374883556146,2865
1407374883556147,2866
1407374883556148,2867
1407374883556149,2868
1407374883556150,2869
1407374883556151,2870
1407374883556152,2871
1407374883556153,2872
1407374883556154,2873
1407374883556155,2874
1407374883556156,2875
1407374883556157,2876
1407374883556158,2877
1407374883556159,2878
1407374883556160,2879
1407374883556161,2880
1407374883556162,2881
1407374883556163,2882
1407374883556164,2883
1407374883556165,2884
1407374883556166,2885
1407374883556167,2886
1407374883556168,2887
1407374883556169,2888
1407374883556170,2889
1407374883556171,2890
1407374883556172,2891
1407374883556173,2892
1407374883556174,2893
1407374883556175,2894
1407374883556176,2895
1407374883556177,2896
1407374883556178,2897
1407374883556179,2898
1407374883556180,2899
1407374883556181,2900
1407374883556182,2901
1407374883556183,2902
1407374883556184,2903
1407374883556185,2904
1407374883556186,2905
1407374883556187,2906
1407374883556188,2907
1407374883556189,2908
1407374883556190,2909
1407374883556191,2910
1407374883556192,2911
1407374883556193,2912
1407374883556194,2913
1407374883556195,2914
1407374883556196,2915
1407374883556197,2916
1407374883556198,2917
1407374883556199,2918
1407374883556200,2919
1407374883556201,2920
1407374883556202,2921
1407374883556203,2922
1407374883556204,2923
1407374883556205,2924
1407374883556206,2925
1407374883556207,2926
1407374883556208,2927
1407374883556209,2928
1407374883556210,2929
1407374883556211,2930
1407374883556212,2931
1407374883556213,2932
1407374883556214,2933
1407374883556215,2934
1407374883556216,2935
1407374883556217,2936
1407374883556218,2937
1407374883556219,2938
1407374883556220,2939
1407374883556221,2940
1407374883556222,2941
1407374883556223,2942
1407374883556224,2943
1407374883556225,2944
1407374883556226,2945
1407374883556227,2946
1407374883556228,2947
1407374883556229,2948
1407374883556230,2949
1407374883556231,2950
1407374883556232,2951
1407374883556233,2952
1407374883556234,2953
1407374883556235,2954
1407374883556236,2955
1407374883556237,2956
1407374883556238,2957
1407374883556239,2958
1407374883556240,2959
1407374883556241,2960
1407374883556242,2961
1407374883556243,2962
1407374883556244,2963
1407374883556245,2964
1407374883556246,2965
1407374883556247,2966
1407374883556248,2967
1407374883556249,2968
1407374883556250,2969
1407374883556251,2970
1407374883556252,2971
1407374883556253,2972
1407374883556254,2973
1407374883556255,2974
1407374883556256,2975
1407374883556257,2976
1407374883556258,2977
1407374883556259,2978
1407374883556260,2979
1407374883556261,2980
1407374883556262,2981
1407374883556263,2982
1407374883556264,2983
1407374883556265,2984
1407374883556266,2985
1407374883556267,2986
1407374883556268,2987
1407374883556269,2988
1407374883556270,2989
1407374883556271,2990
1407374883556272,2991
1407374883556273,2992
1407374883556274,2993
1407374883556275,2994
1407374883556276,2995
1407374883556277,2996
1407374883556278,2997
1407374883556279,2998
1407374883556280,2999
1407374883556281,3000
1407374883556282,3001
1407374883556283,3002
1407374883556284,3003
1407374883556285,3004
1407374883556286,3005
1407374883556287,3006
1407374883556288,3007
1407374883556289,3008
1407374883556290,3009
1407374883556291,3010
1407374883556292,3011
1407374883556293,3012
1407374883556294,3013
1407374883556295,3014
1407374883556296,3015
1407374883556297,3016
1407374883556298,3017
1407374883556299,3018
1407374883556300,3019
1407374883556301,3020
1407374883556302,3021
1407374883556303,3022
1407374883556304,3023
1407374883556305,3024
1407374883556306,3025
1407374883556307,3026
1407374883556308,3027
1407374883556309,3028
1407374883556310,3029
1407374883556311,3030
1407374883556312,3031
1407374883556313,3032
1407374883556314,3033
1407374883556315,3034
1407374883556316,3035
1407374883556317,3036
1407374883556318,3037
1407374883556319,3038
1407374883556320,3039
1407374883556321,3040
1407374883556322,3041
1407374883556323,3042
1407374883556324,3043
1407374883556325,3044
1407374883556326,3045
1407374883556327,3046
1407374883556328,3047
1407374883556329,3048
1407374883556330,3049
1407374883556331,3050
1407374883556332,3051
1407374883556333,3052
1407374883556334,3053
1407374883556335,3054
1407374883556336,3055
1407374883556337,3056
1407374883556338,3057
1407374883556339,3058
1407374883556340,3059
1407374883556341,3060
1407374883556342,3061
1407374883556343,3062
1407374883556344,3063
1407374883556345,3064
1407374883556346,3065
1407374883556347,3066
1407374883556348,3067
1407374883556349,3068
1407374883556350,3069
1407374883556351,3070
1407374883556352,3071
1407374883556353,3072
1407374883556354,3073
1407374883556355,3074
1407374883556356,3075
1407374883556357,3076
1407374883556358,3077
1407374883556359,3078
1407374883556360,3079
1407374883556361,3080
1407374883556362,3081
1407374883556363,3082
1407374883556364,3083
1407374883556365,3084
1407374883556366,3085
1407374883556367,3086
1407374883556368,3087
1407374883556369,3088
1407374883556370,3089
1407374883556371,3090
1407374883556372,3091
1407374883556373,3092
1407374883556374,3093
1407374883556375,3094
1407374883556376,3095
1407374883556377,3096
1407374883556378,3097
1407374883556379,3098
1407374883556380,3099
1407374883556381,3100
1407374883556382,3101
1407374883556383,3102
1407374883556384,3103
1407374883556385,3104
1407374883556386,3105
1407374883556387,3106
1407374883556388,3107
1407374883556389,3108
1407374883556390,3109
1407374883556391,3110
1407374883556392,3111
1407374883556393,3112
1407374883556394,3113
1407374883556395,3114
1407374883556396,3115
1407374883556397,3116
1407374883556398,3117
1407374883556399,3118
1407374883556400,3119
1407374883556401,3120
1407374883556402,3121
1407374883556403,3122
1407374883556404,3123
1407374883556405,3124
1407374883556406,3125
1407374883556407,3126
1407374883556408,3127
1407374883556409,3128
1407374883556410,3129
1407374883556411,3130
1407374883556412,3131
1407374883556413,3132
1407374883556414,3133
1407374883556415,3134
1407374883556416,3135
1407374883556417,3136
1407374883556418,3137
1407374883556419,3138
1407374883556420,3139
1407374883556421,3140
1407374883556422,3141
1407374883556423,3142
1407374883556424,3143
1407374883556425,3144
1407374883556426,3145
1407374883556427,3146
1407374883556428,3147
1407374883556429,3148
1407374883556430,3149
1407374883556431,3150
1407374883556432,3151
1407374883556433,3152
1407374883556434,3153
1407374883556435,3154
1407374883556436,3155
1407374883556437,3156
1407374883556438,3157
1407374883556439,3158
1407374883556440,3159
1407374883556441,3160
1407374883556442,3161
1407374883556443,3162
1407374883556444,3163
1407374883556445,3164
1407374883556446,3165
1407374883556447,3166
1407374883556448,3167
1407374883556449,3168
1407374883556450,3169
1407374883556451,3170
1407374883556452,3171
1407374883556453,3172
1407374883556454,3173
1407374883556455,3174
1407374883556456,3175
1407374883556457,3176
1407374883556458,3177
1407374883556459,3178
1407374883556460,3179
1407374883556461,3180
1407374883556462,3181
1407374883556463,3182
1407374883556464,3183
1407374883556465,3184
1407374883556466,3185
1407374883556467,3186
1407374883556468,3187
1407374883556469,3188
1407374883556470,3189
1407374883556471,3190
1407374883556472,3191
1407374883556473,3192
1407374883556474,3193
1407374883556475,3194
1407374883556476,3195
1407374883556477,3196
1407374883556478,3197
1407374883556479,3198
1407374883556480,3199
1407374883556481,3200
1407374883556482,3201
1407374883556483,3202
1407374883556484,3203
1407374883556485,3204
1407374883556486,3205
1407374883556487,3206
1407374883556488,3207
1407374883556489,3208
1407374883556490,3209
1407374883556491,3210
1407374883556492,3211
1407374883556493,3212
1407374883556494,3213
1407374883556495,3214
1407374883556496,3215
1407374883556497,3216
1407374883556498,3217
1407374883556499,3218
1407374883556500,3219
1407374883556501,3220
1407374883556502,3221
1407374883556503,3222
1407374883556504,3223
1407374883556505,3224
1407374883556506,3225
1407374883556507,3226
1407374883556508,3227
1407374883556509,3228
1407374883556510,3229
1407374883556511,3230
1407374883556512,3231
1407374883556513,3232
1407374883556514,3233
1407374883556515,3234
1407374883556516,3235
1407374883556517,3236
1407374883556518,3237
1407374883556519,3238
1407374883556520,3239
1407374883556521,3240
1407374883556522,3241
1407374883556523,3242
1407374883556524,3243
1407374883556525,3244
1407374883556526,3245
1407374883556527,3246
1407374883556528,3247
1407374883556529,3248
1407374883556530,3249
1407374883556531,3250
1407374883556532,3251
1407374883556533,3252
1407374883556534,3253
1407374883556535,3254
1407374883556536,3255
1407374883556537,3256
1407374883556538,3257
1407374883556539,3258
1407374883556540,3259
1407374883556541,3260
1407374883556542,3261
1407374883556543,3262
1407374883556544,3263
1407374883556545,3264
1407374883556546,3265
1407374883556547,3266
1407374883556548,3267
1407374883556549,3268
1407374883556550,3269
1407374883556551,3270
1407374883556552,3271
1407374883556553,3272
1407374883556554,3273
1407374883556555,3274
1407374883556556,3275
1407374883556557,3276
1407374883556558,3277
1407374883556559,3278
1407374883556560,3279
1407374883556561,3280
1407374883556562,3281
1407374883556563,3282
1407374883556564,3283
1407374883556565,3284
1407374883556566,3285
1407374883556567,3286
1407374883556568,3287
1407374883556569,3288
1407374883556570,3289
1407374883556571,3290
1407374883556572,3291
1407374883556573,3292
1407374883556574,3293
1407374883556575,3294
1407374883556576,3295
1407374883556577,3296
1407374883556578,3297
1407374883556579,3298
1407374883556580,3299
1407374883556581,3300
1407374883556582,3301
1407374883556583,3302
1407374883556584,3303
1407374883556585,3304
1407374883556586,3305
1407374883556587,3306
1407374883556588,3307
1407374883556589,3308
1407374883556590,3309
1407374883556591,3310
1407374883556592,3311
1407374883556593,3312
1407374883556594,3313
1407374883556595,3314
1407374883556596,3315
1407374883556597,3316
1407374883556598,3317
1407374883556599,3318
1407374883556600,3319
1407374883556601,3320
1407374883556602,3321
1407374883556603,3322
1407374883556604,3323
1407374883556605,3324
1407374883556606,3325
1407374883556607,3326
1407374883556608,3327
1407374883556609,3328
1407374883556610,3329
1407374883556611,3330
1407374883556612,3331
1407374883556613,3332
1407374883556614,3333
1407374883556615,3334
1407374883556616,3335
1407374883556617,3336
1407374883556618,3337
1407374883556619,3338
1407374883556620,3339
1407374883556621,3340
1407374883556622,3341
1407374883556623,3342
1407374883556624,3343
1407374883556625,3344
1407374883556626,3345
1407374883556627,3346
1407374883556628,3347
1407374883556629,3348
1407374883556630,3349
1407374883556631,3350
1407374883556632,3351
1407374883556633,3352
1407374883556634,3353
1407374883556635,3354
1407374883556636,3355
1407374883556637,3356
1407374883556638,3357
1407374883556639,3358
1407374883556640,3359
1407374883556641,3360
1407374883556642,3361
1407374883556643,3362
1407374883556644,3363
1407374883556645,3364
1407374883556646,3365
1407374883556647,3366
1407374883556648,3367
1407374883556649,3368
1407374883556650,3369
1407374883556651,3370
1407374883556652,3371
1407374883556653,3372
1407374883556654,3373
1407374883556655,3374
1407374883556656,3375
1407374883556657,3376
1407374883556658,3377
1407374883556659,3378
1407374883556660,3379
1407374883556661,3380
1407374883556662,3381
1407374883556663,3382
1407374883556664,3383
1407374883556665,3384
1407374883556666,3385
1407374883556667,3386
1407374883556668,3387
1407374883556669,3388
1407374883556670,3389
1407374883556671,3390
1407374883556672,3391
1407374883556673,3392
1407374883556674,3393
1407374883556675,3394
1407374883556676,3395
1407374883556677,3396
1407374883556678,3397
1407374883556679,3398
1407374883556680,3399
1407374883556681,3400
1407374883556682,3401
1407374883556683,3402
1407374883556684,3403
1407374883556685,3404
1407374883556686,3405
1407374883556687,3406
1407374883556688,3407
1407374883556689,3408
1407374883556690,3409
1407374883556691,3410
1407374883556692,3411
1407374883556693,3412
1407374883556694,3413
1407374883556695,3414
1407374883556696,3415
1407374883556697,3416
1407374883556698,3417
1407374883556699,3418
1407374883556700,3419
1407374883556701,3420
1407374883556702,3421
1407374883556703,3422
1407374883556704,3423
1407374883556705,3424
1407374883556706,3425
1407374883556707,3426
1407374883556708,3427
1407374883556709,3428
1407374883556710,3429
1407374883556711,3430
1407374883556712,3431
1407374883556713,3432
1407374883556714,3433
1407374883556715,3434
1407374883556716,3435
1407374883556717,3436
1407374883556718,3437
1407374883556719,3438
1407374883556720,3439
1407374883556721,3440
1407374883556722,3441
1407374883556723,3442
1407374883556724,3443
1407374883556725,3444
1407374883556726,3445
1407374883556727,3446
1407374883556728,3447
1407374883556729,3448
1407374883556730,3449
1407374883556731,3450
1407374883556732,3451
1407374883556733,3452
1407374883556734,3453
1407374883556735,3454
1407374883556736,3455
1407374883556737,3456
1407374883556738,3457
1407374883556739,3458
1407374883556740,3459
1407374883556741,3460
1407374883556742,3461
1407374883556743,3462
1407374883556744,3463
1407374883556745,3464
1407374883556746,3465
1407374883556747,3466
1407374883556748,3467
1407374883556749,3468
1407374883556750,3469
1407374883556751,3470
1407374883556752,3471
1407374883556753,3472
1407374883556754,3473
1407374883556755,3474
1407374883556756,3475
1407374883556757,3476
1407374883556758,3477
1407374883556759,3478
1407374883556760,3479
1407374883556761,3480
1407374883556762,3481
1407374883556763,3482
1407374883556764,3483
1407374883556765,3484
1407374883556766,3485
1407374883556767,3486
1407374883556768,3487
1407374883556769,3488
1407374883556770,3489
1407374883556771,3490
1407374883556772,3491
1407374883556773,3492
1407374883556774,3493
1407374883556775,3494
1407374883556776,3495
1407374883556777,3496
1407374883556778,3497
1407374883556779,3498
1407374883556780,3499
1407374883556781,3500
1407374883556782,3501
1407374883556783,3502
1407374883556784,3503
1407374883556785,3504
1407374883556786,3505
1407374883556787,3506
1407374883556788,3507
1407374883556789,3508
1407374883556790,3509
1407374883556791,3510
1407374883556792,3511
1407374883556793,3512
1407374883556794,3513
1407374883556795,3514
1407374883556796,3515
1407374883556797,3516
1407374883556798,3517
1407374883556799,3518
1407374883556800,3519
1407374883556801,3520
1407374883556802,3521
1407374883556803,3522
1407374883556804,3523
1407374883556805,3524
1407374883556806,3525
1407374883556807,3526
1407374883556808,3527
1407374883556809,3528
1407374883556810,3529
1407374883556811,3530
1407374883556812,3531
1407374883556813,3532
1407374883556814,3533
1407374883556815,3534
1407374883556816,3535
1407374883556817,3536
1407374883556818,3537
1407374883556819,3538
1407374883556820,3539
1407374883556821,3540
1407374883556822,3541
1407374883556823,3542
1407374883556824,3543
1407374883556825,3544
1407374883556826,3545
1407374883556827,3546
1407374883556828,3547
1407374883556829,3548
1407374883556830,3549
1407374883556831,3550
1407374883556832,3551
1407374883556833,3552
1407374883556834,3553
1407374883556835,3554
1407374883556836,3555
1407374883556837,3556
1407374883556838,3557
1407374883556839,3558
1407374883556840,3559
1407374883556841,3560
1407374883556842,3561
1407374883556843,3562
1407374883556844,3563
1407374883556845,3564
1407374883556846,3565
1407374883556847,3566
1407374883556848,3567
1407374883556849,3568
1407374883556850,3569
1407374883556851,3570
1407374883556852,3571
1407374883556853,3572
1407374883556854,3573
1407374883556855,3574
1407374883556856,3575
1407374883556857,3576
1407374883556858,3577
1407374883556859,3578
1407374883556860,3579
1407374883556861,3580
1407374883556862,3581
1407374883556863,3582
1407374883556864,3583
1407374883556865,3584
1407374883556866,3585
1407374883556867,3586
1407374883556868,3587
1407374883556869,3588
1407374883556870,3589
1407374883556871,3590
1407374883556872,3591
1407374883556873,3592
1407374883556874,3593
1407374883556875,3594
1407374883556876,3595
1407374883556877,3596
1407374883556878,3597
1407374883556879,3598
1407374883556880,3599
1407374883556881,3600
1407374883556882,3601
1407374883556883,3602
1407374883556884,3603
1407374883556885,3604
1407374883556886,3605
1407374883556887,3606
1407374883556888,3607
1407374883556889,3608
1407374883556890,3609
1407374883556891,3610
1407374883556892,3611
1407374883556893,3612
1407374883556894,3613
1407374883556895,3614
1407374883556896,3615
1407374883556897,3616
1407374883556898,3617
1407374883556899,3618
1407374883556900,3619
1407374883556901,3620
1407374883556902,3621
1407374883556903,3622
1407374883556904,3623
1407374883556905,3624
1407374883556906,3625
1407374883556907,3626
1407374883556908,3627
1407374883556909,3628
1407374883556910,3629
1407374883556911,3630
1407374883556912,3631
1407374883556913,3632
1407374883556914,3633
1407374883556915,3634
1407374883556916,3635
1407374883556917,3636
1407374883556918,3637
1407374883556919,3638
1407374883556920,3639
1407374883556921,3640
1407374883556922,3641
1407374883556923,3642
1407374883556924,3643
1407374883556925,3644
1407374883556926,3645
1407374883556927,3646
1407374883556928,3647
1407374883556929,3648
1407374883556930,3649
1407374883556931,3650
1407374883556932,3651
1407374883556933,3652
1407374883556934,3653
1407374883556935,3654
1407374883556936,3655
1407374883556937,3656
1407374883556938,3657
1407374883556939,3658
1407374883556940,3659
1407374883556941,3660
1407374883556942,3661
1407374883556943,3662
1407374883556944,3663
1407374883556945,3664
1407374883556946,3665
1407374883556947,3666
1407374883556948,3667
1407374883556949,3668
1407374883556950,3669
1407374883556951,3670
1407374883556952,3671
1407374883556953,3672
1407374883556954,3673
1407374883556955,3674
1407374883556956,3675
1407374883556957,3676
1407374883556958,3677
1407374883556959,3678
1407374883556960,3679
1407374883556961,3680
1407374883556962,3681
1407374883556963,3682
1407374883556964,3683
1407374883556965,3684
1407374883556966,3685
1407374883556967,3686
1407374883556968,3687
1407374883556969,3688
1407374883556970,3689
1407374883556971,3690
1407374883556972,3691
1407374883556973,3692
1407374883556974,3693
1407374883556975,3694
1407374883556976,3695
1407374883556977,3696
1407374883556978,3697
1407374883556979,3698
1407374883556980,3699
1407374883556981,3700
1407374883556982,3701
1407374883556983,3702
1407374883556984,3703
1407374883556985,3704
1407374883556986,3705
1407374883556987,3706
1407374883556988,3707
1407374883556989,3708
1407374883556990,3709
1407374883556991,3710
1407374883556992,3711
1407374883556993,3712
1407374883556994,3713
1407374883556995,3714
1407374883556996,3715
1407374883556997,3716
1407374883556998,3717
1407374883556999,3718
1407374883557000,3719
1407374883557001,3720
1407374883557002,3721
1407374883557003,3722
1407374883557004,3723
1407374883557005,3724
1407374883557006,3725
1407374883557007,3726
1407374883557008,3727
1407374883557009,3728
1407374883557010,3729
1407374883557011,3730
1407374883557012,3731
1407374883557013,3732
1407374883557014,3733
1407374883557015,3734
1407374883557016,3735
1407374883557017,3736
1407374883557018,3737
1407374883557019,3738
1407374883557020,3739
1407374883557021,3740
1407374883557022,3741
1407374883557023,3742
1407374883557024,3743
1407374883557025,3744
1407374883557026,3745
1407374883557027,3746
1407374883557028,3747
1407374883557029,3748
1407374883557030,3749
1407374883557031,3750
1407374883557032,3751
1407374883557033,3752
1407374883557034,3753
1407374883557035,3754
1407374883557036,3755
1407374883557037,3756
1407374883557038,3757
1407374883557039,3758
1407374883557040,3759
1407374883557041,3760
1407374883557042,3761
1407374883557043,3762
1407374883557044,3763
1407374883557045,3764
1407374883557046,3765
1407374883557047,3766
1407374883557048,3767
1407374883557049,3768
1407374883557050,3769
1407374883557051,3770
1407374883557052,3771
1407374883557053,3772
1407374883557054,3773
1407374883557055,3774
1407374883557056,3775
1407374883557057,3776
1407374883557058,3777
1407374883557059,3778
1407374883557060,3779
1407374883557061,3780
1407374883557062,3781
1407374883557063,3782
1407374883557064,3783
1407374883557065,3784
1407374883557066,3785
1407374883557067,3786
1407374883557068,3787
1407374883557069,3788
1407374883557070,3789
1407374883557071,3790
1407374883557072,3791
1407374883557073,3792
1407374883557074,3793
1407374883557075,3794
1407374883557076,3795
1407374883557077,3796
1407374883557078,3797
1407374883557079,3798
1407374883557080,3799
1407374883557081,3800
1407374883557082,3801
1407374883557083,3802
1407374883557084,3803
1407374883557085,3804
1407374883557086,3805
1407374883557087,3806
1407374883557088,3807
1407374883557089,3808
1407374883557090,3809
1407374883557091,3810
1407374883557092,3811
1407374883557093,3812
1407374883557094,3813
1407374883557095,3814
1407374883557096,3815
1407374883557097,3816
1407374883557098,3817
1407374883557099,3818
1407374883557100,3819
1407374883557101,3820
1407374883557102,3821
1407374883557103,3822
1407374883557104,3823
1407374883557105,3824
1407374883557106,3825
1407374883557107,3826
1407374883557108,3827
1407374883557109,3828
1407374883557110,3829
1407374883557111,3830
1407374883557112,3831
1407374883557113,3832
1407374883557114,3833
1407374883557115,3834
1407374883557116,3835
1407374883557117,3836
1407374883557118,3837
1407374883557119,3838
1407374883557120,3839
1407374883557121,3840
1407374883557122,3841
1407374883557123,3842
1407374883557124,3843
1407374883557125,3844
1407374883557126,3845
1407374883557127,3846
1407374883557128,3847
1407374883557129,3848
1407374883557130,3849
1407374883557131,3850
1407374883557132,3851
1407374883557133,3852
1407374883557134,3853
1407374883557135,3854
1407374883557136,3855
1407374883557137,3856
1407374883557138,3857
1407374883557139,3858
1407374883557140,3859
1407374883557141,3860
1407374883557142,3861
1407374883557143,3862
1407374883557144,3863
1407374883557145,3864
1407374883557146,3865
1407374883557147,3866
1407374883557148,3867
1407374883557149,3868
1407374883557150,3869
1407374883557151,3870
1407374883557152,3871
1407374883557153,3872
1407374883557154,3873
1407374883557155,3874
1407374883557156,3875
1407374883557157,3876
1407374883557158,3877
1407374883557159,3878
1407374883557160,3879
1407374883557161,3880
1407374883557162,3881
1407374883557163,3882
1407374883557164,3883
1407374883557165,3884
1407374883557166,3885
1407374883557167,3886
1407374883557168,3887
1407374883557169,3888
1407374883557170,3889
1407374883557171,3890
1407374883557172,3891
1407374883557173,3892
1407374883557174,3893
1407374883557175,3894
1407374883557176,3895
1407374883557177,3896
1407374883557178,3897
1407374883557179,3898
1407374883557180,3899
1407374883557181,3900
1407374883557182,3901
1407374883557183,3902
1407374883557184,3903
1407374883557185,3904
1407374883557186,3905
1407374883557187,3906
1407374883557188,3907
1407374883557189,3908
1407374883557190,3909
1407374883557191,3910
1407374883557192,3911
1407374883557193,3912
1407374883557194,3913
1407374883557195,3914
1407374883557196,3915
1407374883557197,3916
1407374883557198,3917
1407374883557199,3918
1407374883557200,3919
1407374883557201,3920
1407374883557202,3921
1407374883557203,3922
1407374883557204,3923
1407374883557205,3924
1407374883557206,3925
1407374883557207,3926
1407374883557208,3927
1407374883557209,3928
1407374883557210,3929
1407374883557211,3930
1407374883557212,3931
1407374883557213,3932
1407374883557214,3933
1407374883557215,3934
1407374883557216,3935
1407374883557217,3936
1407374883557218,3937
1407374883557219,3938
1407374883557220,3939
1407374883557221,3940
1407374883557222,3941
1407374883557223,3942
1407374883557224,3943
1407374883557225,3944
1407374883557226,3945
1407374883557227,3946
1407374883557228,3947
1407374883557229,3948
1407374883557230,3949
1407374883557231,3950
1407374883557232,3951
1407374883557233,3952
1407374883557234,3953
1407374883557235,3954
1407374883557236,3955
1407374883557237,3956
1407374883557238,3957
1407374883557239,3958
1407374883557240,3959
1407374883557241,3960
1407374883557242,3961
1407374883557243,3962
1407374883557244,3963
1407374883557245,3964
1407374883557246,3965
1407374883557247,3966
1407374883557248,3967
1407374883557249,3968
1407374883557250,3969
1407374883557251,3970
1407374883557252,3971
1407374883557253,3972
1407374883557254,3973
1407374883557255,3974
1407374883557256,3975
1407374883557257,3976
1407374883557258,3977
1407374883557259,3978
1407374883557260,3979
1407374883557261,3980
1407374883557262,3981
1407374883557263,3982
1407374883557264,3983
1407374883557265,3984
1407374883557266,3985
1407374883557267,3986
1407374883557268,3987
1407374883557269,3988
1407374883557270,3989
1407374883557271,3990
1407374883557272,3991
1407374883557273,3992
1407374883557274,3993
1407374883557275,3994
1407374883557276,3995
1407374883557277,3996
1407374883557278,3997
1407374883557279,3998
1407374883557280,3999
